timestamp,program,ml_course,ir_course,stats_course,db_course,gender,used_chatgpt,birthday,room_estimate,stress_level,sports_hours,random_number,bedtime,good_day_1,good_day_2,est_age_days,sleep_duration_to_10am,bedtime_sin,bedtime_cos,bedtime_anglenorm
2025-04-01 12:19:00,AI,0.0,0.0,1.0,1.0,female,1.0,2001-04-10,200.0,20.0,8.0,9.0,00:00:00,Good sleep,Friends,8589.0,10.0,0.0,1.0,0.0
2025-04-01 12:19:00,AI,1.0,1.0,1.0,1.0,female,1.0,NaT,300.0,20.0,4.0,87.0,00:00:00,Reading,F1,8178.0,10.0,0.0,1.0,0.0
2025-04-01 12:19:00,AI,1.0,0.0,1.0,nan,female,1.0,2002-05-05,280.0,20.0,7.0,93.0,00:10:00,That I feel content and happy,Doing something ,8376.0,9.833333333333334,0.043619387365336,0.9990482215818578,0.04363323129985824
2025-04-01 12:19:00,AI,1.0,0.0,1.0,0.0,female,1.0,NaT,380.0,50.0,8.0,25.0,00:10:00,"good, sunny weather",spending time with my friends,8623.0,9.833333333333334,0.043619387365336,0.9990482215818578,0.04363323129985824
2025-04-01 12:18:00,AI,0.0,0.0,1.0,1.0,female,1.0,NaT,550.0,50.0,8.0,8.0,00:30:00,Good food,Sun ,8426.0,9.5,0.13052619222005157,0.9914448613738104,0.1308996938995747
2025-04-01 12:19:00,AI,1.0,1.0,1.0,1.0,female,1.0,2002-07-10,500.0,85.0,3.0,15.0,00:30:00,Seeing friends,No academic stress,8221.0,9.5,0.13052619222005157,0.9914448613738104,0.1308996938995747
2025-04-01 12:18:00,AI,1.0,1.0,1.0,1.0,female,nan,NaT,500.0,60.0,6.0,5.0,01:00:00,sun,more sun ,8623.0,9.0,0.25881904510252074,0.9659258262890683,0.2617993877991494
2025-04-01 12:18:00,AI,1.0,0.0,1.0,0.0,female,1.0,NaT,340.0,40.0,9.0,25.0,01:00:00,Friends,Drinks,8623.0,9.0,0.25881904510252074,0.9659258262890683,0.2617993877991494
2025-04-01 12:18:00,AI,1.0,0.0,1.0,0.0,female,1.0,NaT,400.0,35.0,6.0,823.0,01:00:00,Sunshine,Nice food,8623.0,9.0,0.25881904510252074,0.9659258262890683,0.2617993877991494
2025-04-01 12:19:00,AI,1.0,0.0,1.0,1.0,female,1.0,NaT,550.0,20.0,3.0,77.0,01:00:00,Good Breakfast,Sunshine,8623.0,9.0,0.25881904510252074,0.9659258262890683,0.2617993877991494
2025-04-01 12:19:00,AI,1.0,0.0,1.0,1.0,female,1.0,NaT,330.0,40.0,3.0,18.0,01:00:00,Nice weather,Seeing my loved ones ,7871.0,9.0,0.25881904510252074,0.9659258262890683,0.2617993877991494
2025-04-01 12:17:00,AI,1.0,0.0,1.0,1.0,female,1.0,2001-11-12,300.0,3.0,10.0,25.0,01:02:00,dance,company,8521.0,8.966666666666667,0.26723837607825685,0.963630453208623,0.27052603405912107
2025-04-01 12:18:00,AI,1.0,nan,1.0,0.0,female,1.0,2001-03-10,400.0,40.0,10.0,3.0,01:02:00,workout,sun,8590.0,8.966666666666667,0.26723837607825685,0.963630453208623,0.27052603405912107
2025-04-01 12:19:00,AI,1.0,1.0,1.0,1.0,female,1.0,2002-11-08,253.0,55.0,4.0,21.0,01:03:00,Sun ,Laughter ,8278.0,8.95,0.27144044986507426,0.9624552364536473,0.2748893571891069
2025-04-01 12:18:00,AI,1.0,0.0,1.0,1.0,female,1.0,NaT,200.0,30.0,0.0,7.0,01:30:00,My boyfriend,My friends ,8567.0,8.5,0.38268343236508984,0.9238795325112867,0.3926990816987242
2025-04-01 12:18:00,AI,0.0,0.0,1.0,1.0,female,1.0,NaT,150.0,60.0,2.0,42.0,02:00:00,Good meal,Sunny day,9632.0,8.0,0.49999999999999994,0.8660254037844387,0.5235987755982988
2025-04-01 12:19:00,AI,1.0,0.0,1.0,1.0,female,1.0,NaT,450.0,25.0,2.0,25.0,02:00:00,Sunshine,Food,8623.0,8.0,0.49999999999999994,0.8660254037844387,0.5235987755982988
2025-04-01 12:19:00,AI,1.0,nan,1.0,1.0,female,1.0,NaT,100.0,77.0,0.0,137.0,05:00:00,Enough sleep,Good food,8623.0,5.0,0.9659258262890683,0.25881904510252074,1.3089969389957472
2025-04-01 12:17:00,AI,0.0,0.0,1.0,1.0,female,1.0,NaT,500.0,60.0,3.0,888.0,10:37:00,Sun1,Sun2,8837.0,-0.6166666666666667,0.6427876096865393,0.7660444431189781,0.6981317007977317
2025-04-01 12:19:00,AI,1.0,1.0,1.0,1.0,female,1.0,NaT,380.0,23.0,3.0,25.0,12:30:00,Good food,Talking to friends,8623.0,21.5,0.08715574274765785,0.9961946980917455,0.08726646259971615
2025-04-01 12:18:00,AI,1.0,0.0,1.0,0.0,female,1.0,NaT,80.0,80.0,6.0,47.0,22:00:00,Sunny day spent with friends ,going to a rave,8228.0,12.0,-0.5000000000000004,0.8660254037844384,-0.5235987755982994
2025-04-01 12:18:00,AI,1.0,1.0,1.0,1.0,female,1.0,1999-10-12,500.0,65.0,4.0,168.0,23:00:00,sun,not encountering a stressful situation,9253.0,11.0,-0.2588190451025207,0.9659258262890683,-0.26179938779914935
2025-04-01 12:19:00,AI,1.0,1.0,1.0,1.0,female,1.0,NaT,450.0,50.0,8.0,7.0,23:00:00,Good food ,Nobody dies ,7960.0,11.0,-0.2588190451025207,0.9659258262890683,-0.26179938779914935
2025-04-01 12:20:00,AI,1.0,1.0,1.0,1.0,female,1.0,NaT,350.0,20.0,3.0,4.0,23:00:00,Seeing my friends,Sunny weather,9212.0,11.0,-0.2588190451025207,0.9659258262890683,-0.26179938779914935
2025-04-01 12:17:00,AI,0.0,0.0,1.0,1.0,female,1.0,NaT,400.0,30.0,10.0,28.0,23:30:00,Coffee,Sports,9612.0,10.5,-0.13052619222005168,0.9914448613738104,-0.13089969389957481
2025-04-01 12:17:00,AI,1.0,0.0,1.0,1.0,female,1.0,NaT,300.0,50.0,4.0,38.0,23:30:00,Sun,Activity ,7936.0,10.5,-0.13052619222005168,0.9914448613738104,-0.13089969389957481
2025-04-01 12:18:00,AI,1.0,1.0,1.0,0.0,female,1.0,NaT,450.0,60.0,1.0,44.0,23:30:00,Nice weather,Free time,8623.0,10.5,-0.13052619222005168,0.9914448613738104,-0.13089969389957481
2025-04-01 12:18:00,AI,1.0,1.0,1.0,1.0,female,nan,NaT,350.0,30.0,5.0,13.0,23:30:00,Productivity,Nice weather,8238.0,10.5,-0.13052619222005168,0.9914448613738104,-0.13089969389957481
2025-04-01 12:18:00,AI,1.0,0.0,1.0,1.0,female,0.0,2001-03-01,250.0,100.0,4.0,11.0,23:30:00,Sun Shining,Drinking Matcha in the Sun,8863.0,10.5,-0.13052619222005168,0.9914448613738104,-0.13089969389957481
2025-04-01 12:19:00,AI,1.0,0.0,1.0,1.0,female,1.0,NaT,230.0,80.0,4.0,25.0,23:30:00,a good breakfast ,good sleep,7905.0,10.5,-0.13052619222005168,0.9914448613738104,-0.13089969389957481
2025-04-01 12:18:00,AI,1.0,1.0,1.0,1.0,female,1.0,NaT,400.0,30.0,4.0,77.0,23:55:00,Sunny weather,Good food,8623.0,10.083333333333334,-0.021814885034561787,0.9997620270799091,-0.021816615649929785
2025-04-01 12:17:00,AI,1.0,0.0,1.0,1.0,female,1.0,NaT,550.0,40.0,7.0,74.0,NaT,Sun,Food,8623.0,9.5,0.021814885034560787,0.9997620270799091,0.021816615649928785
2025-04-01 12:19:00,Bioinformatics,1.0,0.0,1.0,nan,female,nan,2002-09-10,350.0,70.0,5.0,10.0,00:15:00,having chocolate,Sun :)),8219.0,9.75,0.06540312923014306,0.9978589232386035,0.06544984694978735
2025-04-01 12:18:00,Bioinformatics,1.0,0.0,1.0,0.0,female,nan,NaT,450.0,80.0,3.0,17.0,00:30:00,sleeping,going for a walk,8546.0,9.5,0.13052619222005157,0.9914448613738104,0.1308996938995747
2025-04-01 12:18:00,Bioinformatics,1.0,0.0,1.0,0.0,female,nan,2001-09-11,600.0,40.0,0.0,658.0,19:00:00,money,love,8553.0,15.0,-0.9659258262890684,0.2588190451025203,-1.3089969389957476
2025-04-01 12:19:00,Bioinformatics,1.0,0.0,1.0,0.0,female,1.0,NaT,350.0,30.0,2.0,9.0,22:30:00,Food,More food,8481.0,11.5,-0.38268343236508956,0.9238795325112868,-0.3926990816987239
2025-04-01 12:19:00,Bioinformatics,1.0,0.0,1.0,0.0,female,1.0,2000-07-12,220.0,63.0,5.0,78.0,22:30:00,Sun,Friends,8890.0,11.5,-0.38268343236508956,0.9238795325112868,-0.3926990816987239
2025-04-01 12:18:00,Business,1.0,0.0,1.0,0.0,female,1.0,NaT,500.0,2.0,4.0,7.0,01:00:00,"Sun, good food, being productive",Travelling,8726.0,9.0,0.25881904510252074,0.9659258262890683,0.2617993877991494
2025-04-01 12:18:00,Business,1.0,nan,1.0,1.0,female,1.0,NaT,480.0,0.0,8.0,10.0,02:03:00,Peace,Nature,9552.0,7.95,0.511293086077052,0.8594064115014527,0.5366887449882562
2025-04-01 12:18:00,Business,1.0,0.0,1.0,1.0,female,1.0,NaT,250.0,50.0,5.0,3.0,12:30:00,feeling productive,socializing ,8322.0,21.5,-0.02617694830787363,0.9996573249755573,-0.026179938779915424
2025-04-01 12:18:00,Business,1.0,1.0,1.0,1.0,female,nan,NaT,400.0,40.0,3.0,9.0,21:45:00,Sleeping in,No assignments,8623.0,12.25,-0.555570233019603,0.8314696123025448,-0.5890486225480871
2025-04-01 12:19:00,Business,1.0,1.0,1.0,1.0,female,1.0,2000-03-01,400.0,60.0,7.0,25.0,23:00:00,being able to exercise,get outside,9229.0,11.0,-0.2588190451025207,0.9659258262890683,-0.26179938779914935
2025-04-01 12:18:00,Business,1.0,1.0,1.0,1.0,female,1.0,2002-11-11,450.0,89.0,7.0,69.0,23:40:00,Bubble tea,Dog,8186.0,10.333333333333334,-0.08715574274765832,0.9961946980917455,-0.08726646259971663
2025-04-01 12:19:00,computational science,1.0,0.0,1.0,0.0,female,1.0,NaT,100.0,20.0,5.0,51.0,00:00:00,sunshine,no exam,8623.0,10.0,0.0,1.0,0.0
2025-04-01 12:17:00,computational science,0.0,0.0,1.0,0.0,female,1.0,NaT,500.0,15.0,12.0,19.0,00:30:00,Good food ,Friends ,8623.0,9.5,0.13052619222005157,0.9914448613738104,0.1308996938995747
2025-04-01 12:18:00,computational science,0.0,0.0,1.0,1.0,female,1.0,NaT,350.0,35.0,7.0,25.0,01:00:00,Getting enough sleep,Healthy breakfast,10127.0,9.0,0.25881904510252074,0.9659258262890683,0.2617993877991494
2025-04-01 12:18:00,computational science,1.0,0.0,1.0,0.0,female,1.0,NaT,390.0,37.0,4.0,25.0,01:00:00,Sun ,Good food,8623.0,9.0,0.25881904510252074,0.9659258262890683,0.2617993877991494
2025-04-01 12:18:00,computational science,1.0,0.0,1.0,1.0,female,1.0,NaT,350.0,10.0,12.0,3.0,02:00:00,sun,good food,8567.0,8.0,0.49999999999999994,0.8660254037844387,0.5235987755982988
2025-04-01 12:18:00,computational science,1.0,nan,1.0,1.0,female,1.0,NaT,330.0,47.0,12.0,30.0,23:45:00,Good food,Sun,8623.0,10.25,-0.06540312923014367,0.9978589232386035,-0.06544984694978796
2025-04-01 12:19:00,computational science,1.0,0.0,1.0,0.0,female,nan,NaT,150.0,98.0,0.0,23.0,NaT,no course,È≤úÈîÖÂÖî,8994.0,9.5,0.03271908282177584,0.9994645874763657,0.03272492347489338
2025-04-01 12:17:00,Computer Science,1.0,1.0,1.0,1.0,female,1.0,2000-01-01,300.0,10.0,2.0,25.0,00:30:00,seeing friends,no work,9231.0,9.5,0.13052619222005157,0.9914448613738104,0.1308996938995747
2025-04-01 12:19:00,Computer Science,1.0,1.0,1.0,1.0,female,1.0,2000-01-01,450.0,70.0,2.0,89.0,00:30:00,enough sleep time,sun,9231.0,9.5,0.13052619222005157,0.9914448613738104,0.1308996938995747
2025-04-01 12:19:00,Computer Science,0.0,0.0,1.0,1.0,female,1.0,NaT,450.0,5.0,10.0,7.0,01:00:00,being outside in the sun,eating good food,9122.0,9.0,0.25881904510252074,0.9659258262890683,0.2617993877991494
2025-04-01 12:17:00,Computer Science,0.0,nan,1.0,1.0,female,0.0,2000-01-06,100.0,100.0,1.0,25.0,01:02:00,grade 10,win lottery ,9079.0,8.966666666666667,0.26723837607825685,0.963630453208623,0.27052603405912107
2025-04-01 12:18:00,Computer Science,1.0,0.0,1.0,1.0,female,1.0,NaT,5.0,60.0,4.0,8.0,02:03:00,Sunshine,Friends ,8623.0,7.95,0.511293086077052,0.8594064115014527,0.5366887449882562
2025-04-01 12:18:00,Computer Science,1.0,0.0,1.0,1.0,female,1.0,NaT,500.0,100.0,3.0,3.0,12:45:00,Cats,Sun,8623.0,21.25,0.07193265315671947,0.9974094913373519,0.07199483164476617
2025-04-01 12:18:00,Computer Science,1.0,1.0,1.0,1.0,female,1.0,NaT,200.0,30.0,5.0,25.0,22:30:00,Running in the morning,Meeting new people,8623.0,11.5,-0.38268343236508956,0.9238795325112868,-0.3926990816987239
2025-04-01 12:18:00,Computer Science,1.0,1.0,1.0,1.0,female,1.0,NaT,400.0,66.0,6.0,12.0,23:30:00,Sunny weather ,Good grades ,8623.0,10.5,-0.13052619222005168,0.9914448613738104,-0.13089969389957481
2025-04-01 12:21:00,Computer Science,1.0,1.0,1.0,1.0,female,1.0,NaT,450.0,75.0,5.0,88.0,23:30:00,Have free time to chill,Smoke,8262.0,10.5,-0.13052619222005168,0.9914448613738104,-0.13089969389957481
2025-04-01 12:17:00,Econometrics,0.0,0.0,1.0,0.0,female,nan,NaT,100.0,75.0,6.0,777.0,00:30:00,Sun,Cappuccino,9092.0,9.5,0.13052619222005157,0.9914448613738104,0.1308996938995747
2025-04-01 12:19:00,Econometrics,1.0,nan,1.0,1.0,female,1.0,2001-01-01,320.0,40.0,0.0,7.0,04:00:00,Sleep in,Free,8865.0,6.0,0.8660254037844386,0.5000000000000001,1.0471975511965976
2025-04-01 12:19:00,Econometrics,1.0,0.0,1.0,1.0,female,1.0,NaT,400.0,2.0,5.0,6.0,09:30:00,Peace of mind,Good food,9576.0,0.5,0.6593458151000688,0.7518398074789774,0.7199483164476609
2025-04-01 12:19:00,Econometrics,0.0,nan,1.0,0.0,female,nan,NaT,200.0,60.0,3.0,13.0,11:34:00,Sun,Rest,8623.0,22.433333333333334,0.3826834323650898,0.9238795325112867,0.39269908169872414
2025-04-01 12:17:00,Econometrics,0.0,0.0,1.0,1.0,female,1.0,NaT,500.0,60.0,4.0,4.0,12:00:00,Sun,Good food,9299.0,22.0,0.0654031292301431,0.9978589232386035,0.0654498469497874
2025-04-01 12:19:00,Econometrics,1.0,1.0,1.0,1.0,female,1.0,NaT,450.0,10.0,5.0,22.0,23:00:00,Sun,friends,8300.0,11.0,-0.2588190451025207,0.9659258262890683,-0.26179938779914935
2025-04-01 12:19:00,Other,1.0,0.0,1.0,1.0,female,1.0,NaT,350.0,87.0,1.0,27.4,02:00:00,getting some work done,time to make music,8623.0,8.0,0.49999999999999994,0.8660254037844387,0.5235987755982988
2025-04-01 12:18:00,AI,1.0,1.0,1.0,1.0,female,1.0,NaT,320.0,70.0,12.0,4.0,23:59:00,Sun,Interacting with my loved ones,8623.0,10.016666666666667,-0.004363309284747432,0.9999904807207345,-0.004363323129986685
2025-04-01 12:18:00,Other,0.0,1.0,1.0,0.0,female,1.0,NaT,234.0,40.0,7.0,8.0,23:30:00,Coffee,Running in the sun,8421.0,10.5,-0.13052619222005168,0.9914448613738104,-0.13089969389957481
2025-04-01 12:19:00,AI,1.0,1.0,0.0,1.0,female,1.0,2002-01-10,400.0,75.0,3.0,573.0,02:00:00,Nice food,Seeing friends,8227.0,8.0,0.49999999999999994,0.8660254037844387,0.5235987755982988
2025-04-01 12:17:00,AI,1.0,1.0,0.0,1.0,female,1.0,NaT,321.0,40.0,2.0,31.416,12:30:00,sun,coffee,8470.0,21.5,0.1305261922200516,0.9914448613738104,0.13089969389957473
2025-04-01 12:17:00,AI,1.0,1.0,0.0,1.0,female,1.0,NaT,250.0,100.0,4.0,3.0,23:00:00,Good food ,Nice company ,9305.0,11.0,-0.2588190451025207,0.9659258262890683,-0.26179938779914935
2025-04-01 12:18:00,Bioinformatics,0.0,0.0,0.0,0.0,female,1.0,NaT,200.0,10.0,8.0,11.0,01:00:00,Delicious food,Nice weather,8623.0,9.0,0.25881904510252074,0.9659258262890683,0.2617993877991494
2025-04-01 12:18:00,Bioinformatics,0.0,1.0,0.0,1.0,female,1.0,NaT,375.0,30.0,6.0,3.0,23:30:00,Sun,-,8382.0,10.5,-0.13052619222005168,0.9914448613738104,-0.13089969389957481
2025-04-01 12:17:00,Business,1.0,0.0,0.0,1.0,female,1.0,2000-10-08,200.0,70.0,0.0,8.0,NaT,Passing grade,Credit in balance,9009.0,9.5,0.4422886902190012,0.8968727415326884,0.4581489286485114
2025-04-01 12:18:00,Computer Science,0.0,0.0,0.0,0.0,female,1.0,1999-11-04,220.0,67.0,4.0,4.0,04:00:00,I take the ADHD medicine ,go out with friends ,9496.0,6.0,0.8660254037844386,0.5000000000000001,1.0471975511965976
2025-04-01 12:18:00,Computer Science,1.0,1.0,0.0,1.0,female,1.0,2003-02-01,350.0,40.0,10.0,13.0,23:30:00,Stick to my daily routine,Connect with some good person,8134.0,10.5,-0.13052619222005168,0.9914448613738104,-0.13089969389957481
2025-04-01 12:19:00,Econometrics,1.0,1.0,0.0,1.0,female,1.0,2003-02-10,458.0,70.0,1.0,47.0,00:15:00,Sun,Family,7861.0,9.75,0.06540312923014306,0.9978589232386035,0.06544984694978735
2025-04-01 12:19:00,Econometrics,1.0,0.0,0.0,1.0,female,1.0,2002-10-10,350.0,70.0,1.0,2.0,21:30:00,Sunny weather,Good food,8218.0,12.5,-0.608761429008721,0.7933533402912349,-0.654498469497874
2025-04-01 12:19:00,AI,0.0,0.0,nan,1.0,female,1.0,NaT,500.0,70.0,1.0,2.0,00:30:00,The sun,Good food,8991.0,9.5,0.13052619222005157,0.9914448613738104,0.1308996938995747
2025-04-01 12:17:00,AI,1.0,0.0,nan,1.0,female,nan,1999-01-01,350.0,2.0,5.0,99.0,01:00:00,Sunny day,Hanging out with friends,9596.0,9.0,0.25881904510252074,0.9659258262890683,0.2617993877991494
2025-04-01 12:18:00,AI,1.0,1.0,nan,1.0,female,1.0,NaT,150.0,20.0,4.0,11.0,01:02:00,Good sleep,No uni,8623.0,8.966666666666667,0.26723837607825685,0.963630453208623,0.27052603405912107
2025-04-01 12:18:00,AI,1.0,1.0,nan,1.0,female,1.0,2001-02-01,289.0,40.0,6.0,25.0,23:25:00,Sun,Good exam result,8864.0,10.583333333333334,-0.15212338618991633,0.9883615104677608,-0.15271630954950347
2025-04-01 12:20:00,Computer Science,1.0,1.0,nan,1.0,female,1.0,NaT,450.0,69.0,6.0,25.0,01:00:00,Music,Reading,8623.0,9.0,0.25881904510252074,0.9659258262890683,0.2617993877991494
2025-04-01 12:17:00,Bioinformatics,1.0,0.0,nan,nan,female,1.0,NaT,200.0,40.0,0.0,9.0,23:16:00,Nothing ,Nothing ,8327.0,10.733333333333333,-0.1908089953765455,0.9816271834476639,-0.19198621771937696
2025-04-01 12:19:00,Business,1.0,1.0,nan,1.0,female,1.0,NaT,200.0,65.0,4.0,2.0,23:30:00,Sunny weather,Good food,8363.0,10.5,-0.13052619222005168,0.9914448613738104,-0.13089969389957481
2025-04-01 12:18:00,Computer Science,1.0,1.0,nan,1.0,female,1.0,NaT,450.0,20.0,0.0,8.0,01:01:00,Rain,Chocolate,8623.0,8.983333333333333,0.2630312144579748,0.964787323828813,0.26616271092913524
2025-04-01 12:18:00,Computer Science,0.0,0.0,nan,1.0,female,1.0,NaT,250.0,65.0,2.0,9.0,01:22:00,With friends I love,Sunny days,8623.0,8.633333333333333,0.35020738125946743,0.9366721892483976,0.35779249665883756
2025-04-01 12:17:00,Computer Science,1.0,1.0,nan,1.0,female,0.0,NaT,200.0,70.0,2.0,7.0,NaT,Good work,Good sleep,8623.0,9.5,0.3665012267242973,0.9304175679820246,0.3752457891787809
2025-04-01 12:18:00,Other,1.0,0.0,nan,1.0,female,1.0,NaT,450.0,10.0,3.0,25.0,01:30:00,Nice weather,No work,8144.0,8.5,0.38268343236508984,0.9238795325112867,0.3926990816987242
2025-04-01 12:17:00,AI,1.0,nan,1.0,1.0,male,1.0,NaT,400.0,78.0,0.0,25.0,00:00:00,Food,Travel,8623.0,10.0,0.0,1.0,0.0
2025-04-01 12:18:00,AI,1.0,0.0,1.0,1.0,male,1.0,NaT,200.0,13.0,6.0,7.0,00:00:00,Sunny,Pilsie,8974.0,10.0,0.0,1.0,0.0
2025-04-01 12:18:00,AI,0.0,0.0,1.0,nan,male,1.0,NaT,400.0,60.0,6.0,87.0,00:30:00,Praying 5 times on time,Seeing my parents and my younger brother doing fine,9235.0,9.5,0.13052619222005157,0.9914448613738104,0.1308996938995747
2025-04-01 12:18:00,AI,1.0,0.0,1.0,0.0,male,1.0,NaT,450.0,90.0,10.0,25.0,00:30:00,When the sun is out,Having the time to run,8623.0,9.5,0.13052619222005157,0.9914448613738104,0.1308996938995747
2025-04-01 12:18:00,AI,1.0,0.0,1.0,1.0,male,1.0,NaT,430.0,30.0,8.0,37.0,00:30:00,Doing things I want to do,Not having to do things I don't want to do,8572.0,9.5,0.13052619222005157,0.9914448613738104,0.1308996938995747
2025-04-01 12:18:00,AI,0.0,1.0,1.0,1.0,male,1.0,NaT,300.0,15.0,8.0,67.0,00:30:00,Doing a sport,Playing my bass guitar,8446.0,9.5,0.13052619222005157,0.9914448613738104,0.1308996938995747
2025-04-01 12:18:00,AI,1.0,0.0,1.0,1.0,male,1.0,NaT,400.0,10.0,10.0,21.0,00:30:00,Sun and good food,Good food and sun,9098.0,9.5,0.13052619222005157,0.9914448613738104,0.1308996938995747
2025-04-01 12:17:00,AI,1.0,1.0,1.0,1.0,male,1.0,NaT,200.0,5.0,12.0,25.0,01:00:00,Sun,More sun,7772.0,9.0,0.25881904510252074,0.9659258262890683,0.2617993877991494
2025-04-01 12:17:00,AI,1.0,1.0,1.0,1.0,male,1.0,NaT,300.0,40.0,10.0,25.0,01:00:00,Not having EDDA exam,Freetime,8623.0,9.0,0.25881904510252074,0.9659258262890683,0.2617993877991494
2025-04-01 12:18:00,AI,1.0,1.0,1.0,1.0,male,1.0,NaT,600.0,40.0,4.0,66.0,01:00:00,Going to gym,Weed,8594.0,9.0,0.25881904510252074,0.9659258262890683,0.2617993877991494
2025-04-01 12:19:00,AI,1.0,1.0,1.0,1.0,male,nan,NaT,400.0,10.0,8.0,9.0,01:00:00,Nice weather,Free time,8874.0,9.0,0.25881904510252074,0.9659258262890683,0.2617993877991494
2025-04-01 12:18:00,AI,1.0,nan,1.0,1.0,male,nan,NaT,200.0,49.0,7.0,420.0,02:00:00,Warm,Sun,8623.0,8.0,0.49999999999999994,0.8660254037844387,0.5235987755982988
2025-04-01 12:18:00,AI,1.0,1.0,1.0,1.0,male,1.0,NaT,200.0,0.0,5.0,25.0,02:00:00,Ajax winning,Drugs,8176.0,8.0,0.49999999999999994,0.8660254037844387,0.5235987755982988
2025-04-01 12:18:00,AI,1.0,nan,1.0,1.0,male,1.0,NaT,291.0,79.0,0.0,74.0,02:00:00,Being with someone i love,No assignment deadline!!!,8623.0,8.0,0.49999999999999994,0.8660254037844387,0.5235987755982988
2025-04-01 12:18:00,AI,0.0,0.0,1.0,1.0,male,1.0,NaT,200.0,65.0,3.0,4.0,02:00:00,Coffee,Motivation ,8623.0,8.0,0.49999999999999994,0.8660254037844387,0.5235987755982988
2025-04-01 12:19:00,AI,0.0,0.0,1.0,0.0,male,nan,NaT,400.0,40.0,3.0,25.0,02:00:00,Productivity,Friends,8623.0,8.0,0.49999999999999994,0.8660254037844387,0.5235987755982988
2025-04-01 12:18:00,AI,0.0,0.0,1.0,1.0,male,1.0,NaT,187.0,11.0,7.0,25.0,02:30:00,Gym,Edda,8623.0,7.5,0.6087614290087207,0.7933533402912352,0.6544984694978736
2025-04-01 12:17:00,AI,1.0,0.0,1.0,0.0,male,1.0,1997-05-11,250.0,80.0,4.0,87.0,04:00:00,doing sports,not having anxiety,10018.0,6.0,0.8660254037844386,0.5000000000000001,1.0471975511965976
2025-04-01 12:18:00,AI,1.0,1.0,1.0,1.0,male,1.0,NaT,350.0,0.0,5.0,69.0,04:00:00,Free time,Videogames,8623.0,6.0,0.8660254037844386,0.5000000000000001,1.0471975511965976
2025-04-01 12:20:00,AI,0.0,1.0,1.0,1.0,male,1.0,2003-01-01,550.0,40.0,0.0,0.0,04:00:00,Free time,I get a lot done,8135.0,6.0,0.8660254037844386,0.5000000000000001,1.0471975511965976
2025-04-01 12:17:00,AI,1.0,1.0,1.0,1.0,male,0.0,NaT,500.0,50.0,4.0,72.0,09:00:00,Mama‚Äôs food,Dad‚Äôs card ,8700.0,1.0,0.46174861323503374,0.8870108331782218,0.4799655442984404
2025-04-01 12:17:00,AI,0.0,0.0,1.0,0.0,male,1.0,NaT,300.0,20.0,3.0,78.0,12:30:00,Hanging with friends in the sun,Eating good food,9122.0,21.5,-0.08715574274765851,0.9961946980917455,-0.08726646259971682
2025-04-01 12:20:00,AI,1.0,0.0,1.0,0.0,male,1.0,NaT,380.0,40.0,2.0,25.0,21:30:00,Chocolate ,Sun,8623.0,12.5,-0.608761429008721,0.7933533402912349,-0.654498469497874
2025-04-01 12:19:00,AI,1.0,1.0,1.0,1.0,male,1.0,2001-05-03,400.0,40.0,5.0,90.0,22:30:00,Performing some sports,Positive people around me ,8802.0,11.5,-0.38268343236508956,0.9238795325112868,-0.3926990816987239
2025-04-01 12:19:00,AI,1.0,nan,1.0,1.0,male,1.0,NaT,420.0,20.0,12.0,81.0,22:45:00,Doing sports,Meeting friends,8623.0,11.25,-0.32143946530316186,0.9469301294951056,-0.3272492347489371
2025-04-01 12:17:00,AI,1.0,1.0,1.0,1.0,male,1.0,NaT,500.0,8.0,6.0,27.0,23:00:00, , ,8623.0,11.0,-0.2588190451025207,0.9659258262890683,-0.26179938779914935
2025-04-01 12:18:00,AI,1.0,0.0,1.0,nan,male,1.0,NaT,350.0,15.0,6.0,42.0,23:00:00,Good weather,Chilling,8623.0,11.0,-0.2588190451025207,0.9659258262890683,-0.26179938779914935
2025-04-01 12:18:00,AI,1.0,1.0,1.0,1.0,male,1.0,1999-01-11,350.0,75.0,4.0,25.0,23:00:00,Passing EDDA,The sun,9292.0,11.0,-0.2588190451025207,0.9659258262890683,-0.26179938779914935
2025-04-01 12:18:00,AI,0.0,0.0,1.0,0.0,male,1.0,NaT,297.0,69.0,6.0,426.0,23:00:00,"Mild weather, no lectures, good food","No assignments, no exam stress",8623.0,11.0,-0.2588190451025207,0.9659258262890683,-0.26179938779914935
2025-04-01 12:18:00,AI,1.0,1.0,1.0,1.0,male,1.0,NaT,125.0,101.0,4.5,25.0,23:00:00,good food,finish task,8623.0,11.0,-0.2588190451025207,0.9659258262890683,-0.26179938779914935
2025-04-01 12:19:00,AI,1.0,1.0,1.0,1.0,male,nan,1998-01-01,500.0,70.0,2.0,7.0,23:00:00,Good food,Good sleep,9961.0,11.0,-0.2588190451025207,0.9659258262890683,-0.26179938779914935
2025-04-01 12:19:00,AI,1.0,1.0,1.0,1.0,male,1.0,2003-03-01,300.0,15.0,9.0,25.0,23:00:00,Sports,Time with friends,8133.0,11.0,-0.2588190451025207,0.9659258262890683,-0.26179938779914935
2025-04-01 12:18:00,AI,1.0,0.0,1.0,1.0,male,1.0,2002-09-05,350.0,45.0,4.0,25.0,23:30:00,Feeling energized,Reaching the goals I set for myself that day,8372.0,10.5,-0.13052619222005168,0.9914448613738104,-0.13089969389957481
2025-04-01 12:19:00,AI,1.0,1.0,1.0,1.0,male,1.0,NaT,300.0,15.0,5.0,78.0,23:30:00,-,-,8483.0,10.5,-0.13052619222005168,0.9914448613738104,-0.13089969389957481
2025-04-01 12:18:00,AI,1.0,0.0,1.0,1.0,male,1.0,NaT,600.0,22.0,5.0,236.0,23:33:00,eating good food,having a nice nap,8659.0,10.45,-0.11753739745783766,0.9930684569549263,-0.11780972450961726
2025-04-01 12:17:00,AI,1.0,0.0,1.0,0.0,male,1.0,NaT,456.0,20.0,9.0,108.0,23:57:00,Yoga,Delicious food,8623.0,10.05,-0.013089595571343872,0.999914327574007,-0.013089969389956903
2025-04-01 12:18:00,AI,1.0,0.0,1.0,0.0,male,1.0,NaT,300.0,45.0,4.0,23.0,NaT,beer,another beer,8662.0,9.5,0.4146932426562394,0.909961270876543,0.42760566673861117
2025-04-01 12:19:00,AI,1.0,1.0,1.0,1.0,male,1.0,2003-02-12,387.0,2.0,13.0,73.0,NaT,snorkeling,eating,7800.0,9.5,0.763232469782529,0.6461239796429636,0.8683013028671792
2025-04-01 12:19:00,Business,1.0,0.0,1.0,1.0,male,1.0,NaT,450.0,100.0,0.0,18.0,05:00:00,Sunshine ,Good food,8936.0,5.0,0.9659258262890683,0.25881904510252074,1.3089969389957472
2025-04-01 12:17:00,Bioinformatics,1.0,1.0,1.0,1.0,male,1.0,NaT,500.0,50.0,8.0,1.0,01:02:00,-,-,9122.0,8.966666666666667,0.26723837607825685,0.963630453208623,0.27052603405912107
2025-04-01 12:19:00,Bioinformatics,1.0,0.0,1.0,0.0,male,1.0,1999-08-10,450.0,8.0,5.0,69.0,02:15:00,Friends,No school,9316.0,7.75,0.5555702330196022,0.8314696123025452,0.5890486225480862
2025-04-01 12:18:00,Bioinformatics,0.0,0.0,1.0,1.0,male,1.0,NaT,240.0,100.0,2.0,8.0,03:00:00,no studying,gaming,8623.0,7.0,0.7071067811865476,0.7071067811865475,0.7853981633974484
2025-04-01 12:18:00,Bioinformatics,1.0,nan,1.0,nan,male,0.0,1994-10-12,300.0,15.0,5.0,25.0,12:00:00,A good day,A bad day,8623.0,22.0,0.2588190451025208,0.9659258262890683,0.26179938779914946
2025-04-01 12:18:00,Bioinformatics,1.0,0.0,1.0,0.0,male,1.0,NaT,250.0,0.0,7.0,69.0,23:00:00,Sun,Sports,8228.0,11.0,-0.2588190451025207,0.9659258262890683,-0.26179938779914935
2025-04-01 12:18:00,Bioinformatics,1.0,1.0,1.0,0.0,male,1.0,NaT,250.0,60.0,4.0,25.0,23:30:00,Cats,Candy,9728.0,10.5,-0.13052619222005168,0.9914448613738104,-0.13089969389957481
2025-04-01 12:18:00,Bioinformatics,1.0,1.0,1.0,0.0,male,1.0,2001-11-01,500.0,25.0,5.0,27.0,23:30:00,Waking up refreshed,exercise,8855.0,10.5,-0.13052619222005168,0.9914448613738104,-0.13089969389957481
2025-04-01 12:19:00,Bioinformatics,1.0,0.0,1.0,0.0,male,1.0,2001-08-12,240.0,65.0,4.0,35.0,02:00:00,Cola,Gaming,8524.0,8.0,0.49999999999999994,0.8660254037844387,0.5235987755982988
2025-04-01 12:18:00,Business,1.0,1.0,1.0,1.0,male,nan,NaT,350.0,85.0,7.0,4.0,01:30:00,A beer after a exam,Seeing my dog,7941.0,8.5,0.38268343236508984,0.9238795325112867,0.3926990816987242
2025-04-01 12:18:00,Business,1.0,nan,1.0,0.0,male,nan,NaT,220.0,40.0,9.0,15.0,23:00:00,Get a lot of sleep(at least 8 hours),Eat good food,8429.0,11.0,-0.2588190451025207,0.9659258262890683,-0.26179938779914935
2025-04-01 12:19:00,Business,1.0,1.0,1.0,1.0,male,1.0,NaT,300.0,25.0,11.0,25.0,23:30:00,Personal record in the gym,Good food,8623.0,10.5,-0.13052619222005168,0.9914448613738104,-0.13089969389957481
2025-04-01 12:19:00,Business,1.0,1.0,1.0,1.0,male,1.0,NaT,350.0,15.0,10.0,25.0,23:30:00,Banana,Apple,7818.0,10.5,-0.13052619222005168,0.9914448613738104,-0.13089969389957481
2025-04-01 12:18:00,computational science,1.0,0.0,1.0,0.0,male,nan,NaT,250.0,110.0,5.0,42.0,00:30:00,Doggo,Food,8623.0,9.5,0.13052619222005157,0.9914448613738104,0.1308996938995747
2025-04-01 12:18:00,computational science,0.0,0.0,1.0,0.0,male,1.0,2000-01-08,300.0,55.0,6.0,47.0,00:31:00,Motorcycle ride,Social interaction,9018.0,9.483333333333333,0.134850930273723,0.9908658973868822,0.13526301702956053
2025-04-01 12:18:00,computational science,0.0,0.0,1.0,1.0,male,1.0,NaT,300.0,1.0,7.0,33.0,01:00:00,No assignments need to do,No lectures,8623.0,9.0,0.25881904510252074,0.9659258262890683,0.2617993877991494
2025-04-01 12:21:00,computational science,0.0,0.0,1.0,1.0,male,0.0,2001-02-05,200.0,45.0,1.0,42.0,02:00:00,not wake up tired,get at least one thing done,8744.0,8.0,0.49999999999999994,0.8660254037844387,0.5235987755982988
2025-04-01 12:17:00,computational science,1.0,0.0,1.0,0.0,male,1.0,NaT,487.0,30.0,7.0,39.0,22:30:00,Sports,Free time,8170.0,11.5,-0.38268343236508956,0.9238795325112868,-0.3926990816987239
2025-04-01 12:18:00,computational science,1.0,0.0,1.0,1.0,male,1.0,NaT,250.0,40.0,5.0,42.0,23:00:00,Sex,Alcohol ,8694.0,11.0,-0.2588190451025207,0.9659258262890683,-0.26179938779914935
2025-04-01 12:18:00,computational science,1.0,0.0,1.0,1.0,male,1.0,NaT,350.0,25.0,5.0,40.0,23:00:00,feeling good ,productive,8623.0,11.0,-0.2588190451025207,0.9659258262890683,-0.26179938779914935
2025-04-01 12:18:00,computational science,1.0,0.0,1.0,1.0,male,0.0,2000-03-04,300.0,100.0,0.0,7.0,23:00:00,Not going to uni,No deadlines,9138.0,11.0,-0.2588190451025207,0.9659258262890683,-0.26179938779914935
2025-04-01 12:18:00,computational science,1.0,nan,1.0,0.0,male,1.0,1998-12-04,480.0,75.0,3.0,7.0,NaT,Achivements,Socialising,9860.0,9.5,-0.04361938736533595,0.9990482215818578,-0.04363323129985819
2025-04-01 12:18:00,Computer Science,1.0,1.0,1.0,1.0,male,1.0,2003-02-09,366.0,57.0,6.0,25.0,00:40:00,go out of the house ,play a sport and instrument ,7891.0,9.333333333333334,0.17364817766693033,0.984807753012208,0.17453292519943295
2025-04-01 12:18:00,Computer Science,1.0,1.0,1.0,1.0,male,0.0,NaT,350.0,5.0,9.0,-1.0,01:00:00,A cold beer,Kissing the homies for good night ,10464.0,9.0,0.25881904510252074,0.9659258262890683,0.2617993877991494
2025-04-01 12:19:00,Computer Science,nan,0.0,1.0,1.0,male,0.0,NaT,180.0,58.0,4.0,42.0,01:00:00,Coffee,Science,8623.0,9.0,0.25881904510252074,0.9659258262890683,0.2617993877991494
2025-04-01 12:18:00,Computer Science,0.0,0.0,1.0,1.0,male,1.0,NaT,200.0,30.0,5.0,25.0,01:02:00,nothing to do,can do anything,8607.0,8.966666666666667,0.26723837607825685,0.963630453208623,0.27052603405912107
2025-04-01 12:19:00,Computer Science,1.0,0.0,1.0,1.0,male,1.0,NaT,250.0,10.0,2.0,25.0,01:30:00,Not having to wake up early,yes,8623.0,8.5,0.38268343236508984,0.9238795325112867,0.3926990816987242
2025-04-01 12:20:00,Computer Science,1.0,1.0,1.0,1.0,male,nan,NaT,460.0,60.0,5.0,56.0,01:30:00,Good gym session ,Sun and a chest PR,8259.0,8.5,0.38268343236508984,0.9238795325112867,0.3926990816987242
2025-04-01 12:17:00,Computer Science,0.0,0.0,1.0,1.0,male,1.0,NaT,500.0,40.0,0.0,94.0,02:00:00,Passing courses,Sleeping,8808.0,8.0,0.49999999999999994,0.8660254037844387,0.5235987755982988
2025-04-01 12:19:00,Computer Science,0.0,nan,1.0,1.0,male,1.0,NaT,450.0,30.0,6.0,76.0,03:00:00,Videogames all day,Good food for free,8623.0,7.0,0.7071067811865476,0.7071067811865475,0.7853981633974484
2025-04-01 12:19:00,Computer Science,1.0,0.0,1.0,1.0,male,1.0,NaT,150.0,30.0,7.0,25.0,03:00:00,‚Äúrm -r .‚Äù,Bouldering and hanging with the homies,8817.0,7.0,0.7071067811865476,0.7071067811865475,0.7853981633974484
2025-04-01 12:19:00,Computer Science,1.0,1.0,1.0,1.0,male,nan,2000-01-01,350.0,40.0,2.0,25.0,03:00:00,ü§î,ü§∑‚Äç‚ôÇÔ∏è,9231.0,7.0,0.7071067811865476,0.7071067811865475,0.7853981633974484
2025-04-01 12:18:00,Computer Science,0.0,1.0,1.0,1.0,male,1.0,1921-12-12,450.0,101.0,5.0,25.0,NaT,Money,Less money,8623.0,9.5,0.6006528187578446,0.7995099694927237,0.6443173821945734
2025-04-01 12:19:00,Computer Science,0.0,0.0,1.0,0.0,male,1.0,NaT,150.0,85.0,10.0,14.0,NaT,Good weather,Stock trading profit,8623.0,9.5,0.4822634071056687,0.8760262588340786,0.5032366009916984
2025-04-01 12:18:00,Finance,1.0,0.0,1.0,1.0,male,1.0,2000-10-01,500.0,40.0,2.0,1.0,01:23:00,Making someone smile,Smiling,9222.0,8.616666666666667,0.3542910379977158,0.9351352096860117,0.36215581978882333
2025-04-01 12:18:00,Econometrics,1.0,1.0,1.0,1.0,male,1.0,NaT,385.0,6.0,7.0,10.0,00:00:00,Food,Sun,8111.0,10.0,0.0,1.0,0.0
2025-04-01 12:17:00,Econometrics,1.0,1.0,1.0,1.0,male,nan,NaT,200.0,101.0,4.0,5.0,00:30:00,Zonnetje,Aperol,8623.0,9.5,0.13052619222005157,0.9914448613738104,0.1308996938995747
2025-04-01 12:19:00,Econometrics,1.0,1.0,1.0,0.0,male,nan,NaT,250.0,23.23,7.0,0.0,00:30:00,productivity,nice food,7789.0,9.5,0.13052619222005157,0.9914448613738104,0.1308996938995747
2025-04-01 12:18:00,Econometrics,1.0,0.0,1.0,1.0,male,1.0,NaT,375.0,50.0,4.0,1.0,01:02:00,Travel,Active,8455.0,8.966666666666667,0.26723837607825685,0.963630453208623,0.27052603405912107
2025-04-01 12:19:00,Econometrics,1.0,0.0,1.0,0.0,male,1.0,NaT,350.0,69.0,4.0,25.0,01:30:00,Hanging out with friends,Being productive,8623.0,8.5,0.38268343236508984,0.9238795325112867,0.3926990816987242
2025-04-01 12:17:00,Econometrics,0.0,0.0,1.0,0.0,male,1.0,NaT,300.0,55.0,2.0,27.0,12:00:00,Spending time with Marc,Nice warm weather,9573.0,22.0,0.06540312923014316,0.9978589232386035,0.06544984694978745
2025-04-01 12:17:00,Econometrics,1.0,0.0,1.0,0.0,male,1.0,NaT,350.0,60.0,6.0,37.0,23:00:00,Sun,Sun,7846.0,11.0,-0.2588190451025207,0.9659258262890683,-0.26179938779914935
2025-04-01 12:18:00,Econometrics,1.0,1.0,1.0,1.0,male,1.0,NaT,350.0,42.0,10.0,25.0,23:00:00,Good food and no econometrics courses,"Sun, exercise and beer",8807.0,11.0,-0.2588190451025207,0.9659258262890683,-0.26179938779914935
2025-04-01 12:18:00,Econometrics,1.0,1.0,1.0,1.0,male,1.0,2004-04-04,425.0,5.0,3.0,4.0,23:00:00,Hanging out with friends,No responsibilities,7676.0,11.0,-0.2588190451025207,0.9659258262890683,-0.26179938779914935
2025-04-01 12:18:00,Econometrics,1.0,1.0,1.0,1.0,male,0.0,2000-01-01,350.0,0.0,4.0,14.0,NaT,No school,High grade,9231.0,9.5,-0.19509032201612825,0.9807852804032304,-0.19634954084936207
2025-04-01 12:18:00,Other,1.0,1.0,1.0,1.0,male,1.0,NaT,300.0,0.0,4.0,25.0,23:30:00,Good sleep,Free time,8843.0,10.5,-0.13052619222005168,0.9914448613738104,-0.13089969389957481
2025-04-01 12:18:00,Finance,1.0,0.0,1.0,0.0,male,1.0,NaT,350.0,20.0,8.0,124.0,23:30:00,Sports,Focus,8750.0,10.5,-0.13052619222005168,0.9914448613738104,-0.13089969389957481
2025-04-01 12:19:00,Finance,1.0,0.0,1.0,0.0,male,nan,NaT,400.0,60.0,10.0,158.0,03:00:00,Sports,Food,9004.0,7.0,0.7071067811865476,0.7071067811865475,0.7853981633974484
2025-04-01 12:18:00,Other,1.0,0.0,1.0,0.0,male,1.0,NaT,300.0,20.0,8.0,25.0,01:30:00,Friends,Activity and food,8623.0,8.5,0.38268343236508984,0.9238795325112867,0.3926990816987242
2025-04-01 12:18:00,Econometrics,1.0,1.0,1.0,1.0,male,1.0,NaT,357.0,7.0,5.0,25.0,03:00:00,You :),You again :),10306.0,7.0,0.7071067811865476,0.7071067811865475,0.7853981633974484
2025-04-01 12:19:00,Finance,1.0,nan,1.0,0.0,male,1.0,NaT,250.0,58.0,3.0,5.0,01:30:00,Not a lot of assignments,Sports and guitar,8623.0,8.5,0.38268343236508984,0.9238795325112867,0.3926990816987242
2025-04-01 12:17:00,Finance,1.0,0.0,1.0,0.0,male,1.0,NaT,490.0,75.0,0.0,7.0,00:45:00,Booking tickets,drinking beers,8665.0,9.25,0.19509032201612828,0.9807852804032304,0.1963495408493621
2025-04-01 12:17:00,Other,1.0,nan,1.0,1.0,male,1.0,NaT,345.0,60.0,8.0,25.0,23:45:00,Good food,Good sleep ,8623.0,10.25,-0.06540312923014367,0.9978589232386035,-0.06544984694978796
2025-04-01 12:18:00,Finance,1.0,0.0,1.0,1.0,male,1.0,NaT,300.0,5.0,8.0,14.0,01:02:00,Sports,Friends,7998.0,8.966666666666667,0.26723837607825685,0.963630453208623,0.27052603405912107
2025-04-01 12:20:00,Computer Science,1.0,1.0,1.0,1.0,male,1.0,2001-05-09,350.0,99.0,5.0,25.0,00:54:00,No nearing deadlines,Good weather,8618.0,9.1,0.23344536385590536,0.9723699203976766,0.23561944901923446
2025-04-01 12:18:00,AI,1.0,1.0,0.0,1.0,male,1.0,NaT,250.0,20.0,3.0,42.0,00:30:00,no responsibilities,nice weather,8623.0,9.5,0.13052619222005157,0.9914448613738104,0.1308996938995747
2025-04-01 12:18:00,AI,0.0,0.0,0.0,1.0,male,1.0,NaT,300.0,30.0,7.0,9.0,00:30:00,Sports,Good sleep,8203.0,9.5,0.13052619222005157,0.9914448613738104,0.1308996938995747
2025-04-01 12:20:00,AI,1.0,1.0,0.0,0.0,male,1.0,NaT,400.0,33.0,2.0,25.0,00:30:00,Baking,Hiking,8623.0,9.5,0.13052619222005157,0.9914448613738104,0.1308996938995747
2025-04-01 12:17:00,AI,1.0,1.0,0.0,1.0,male,1.0,1982-10-05,400.0,50.0,7.0,13.0,01:00:00,Drugs,More drugs,8623.0,9.0,0.25881904510252074,0.9659258262890683,0.2617993877991494
2025-04-01 12:19:00,AI,1.0,1.0,0.0,1.0,male,1.0,NaT,350.0,69.0,14.0,69.0,02:00:00,Finding a big bag of money (never happens),Petting a cat,8623.0,8.0,0.49999999999999994,0.8660254037844387,0.5235987755982988
2025-04-01 12:18:00,AI,1.0,0.0,0.0,1.0,male,1.0,NaT,378.0,-10.0,5.0,25.0,04:00:00,gezelligheid,see above,8623.0,6.0,0.8660254037844386,0.5000000000000001,1.0471975511965976
2025-04-01 12:19:00,AI,0.0,0.0,0.0,0.0,male,1.0,NaT,350.0,60.0,6.0,7.0,11:00:00,Good weather,Great food,8672.0,23.0,0.6087614290087205,0.7933533402912353,0.6544984694978735
2025-04-01 12:18:00,AI,1.0,1.0,0.0,1.0,male,1.0,2005-02-04,195.0,0.0,10.0,7.0,12:34:00,Not having looking for x ,Spots,7313.0,21.433333333333334,0.2588190451025207,0.9659258262890683,0.26179938779914935
2025-04-01 12:17:00,AI,1.0,1.0,0.0,1.0,male,1.0,2000-11-11,250.0,20.0,5.0,25.0,23:30:00,Socialising ,When I've learned something new,8916.0,10.5,-0.13052619222005168,0.9914448613738104,-0.13089969389957481
2025-04-01 12:20:00,AI,1.0,1.0,0.0,1.0,male,1.0,2003-05-06,320.0,15.0,7.0,69.0,23:30:00,Good weather ,Company ,7980.0,10.5,-0.13052619222005168,0.9914448613738104,-0.13089969389957481
2025-04-01 12:19:00,AI,1.0,1.0,0.0,0.0,male,nan,NaT,300.0,61.0,6.0,25.0,23:45:00,Good food,Fun people,9028.0,10.25,-0.06540312923014367,0.9978589232386035,-0.06544984694978796
2025-04-01 12:19:00,Bioinformatics,1.0,0.0,0.0,1.0,male,1.0,NaT,500.0,20.0,5.0,25.0,23:15:00,Play fieldhockey,Enjoy the weather,8623.0,10.75,-0.19509032201612786,0.9807852804032305,-0.19634954084936165
2025-04-01 12:18:00,Bioinformatics,0.0,nan,0.0,1.0,male,1.0,NaT,230.0,69.0,15.0,25.0,22:00:00,Reaching my calory goal,Sleeping 8 hours,8623.0,12.0,-0.5000000000000004,0.8660254037844384,-0.5235987755982994
2025-04-01 12:19:00,Business,1.0,nan,0.0,1.0,male,1.0,2002-11-09,380.0,40.0,12.0,25.0,22:30:00,When the sun is out,What makes a good day for you (2)? ,8247.0,11.5,-0.38268343236508956,0.9238795325112868,-0.3926990816987239
2025-04-01 12:19:00,Business,1.0,1.0,0.0,1.0,male,1.0,2003-04-10,311.0,11.0,4.0,25.0,NaT,Potato,Fries,7859.0,9.5,-0.19509032201612816,0.9807852804032304,-0.19634954084936196
2025-04-01 12:17:00,Computer Science,1.0,0.0,0.0,1.0,male,nan,NaT,400.0,30.0,1.0,25.0,00:00:00,good food,good grade,8623.0,10.0,0.0,1.0,0.0
2025-04-01 12:19:00,Computer Science,0.0,1.0,0.0,1.0,male,1.0,1997-07-02,450.0,40.0,10.0,25.0,00:00:00,The sun,Sports,10289.0,10.0,0.0,1.0,0.0
2025-04-01 12:18:00,Computer Science,1.0,1.0,0.0,1.0,male,nan,NaT,550.0,42.0,4.0,69.0,00:40:00,Eating burrata,Eating pasta,8623.0,9.333333333333334,0.17364817766693033,0.984807753012208,0.17453292519943295
2025-04-01 12:19:00,Computer Science,0.0,1.0,0.0,0.0,male,1.0,2001-04-10,230.0,8.0,6.0,88.0,01:37:00,Good food,Girlfriend,8589.0,8.383333333333333,0.41071885261347724,0.9117620435770886,0.4232423436086249
2025-04-01 12:21:00,Computer Science,1.0,0.0,0.0,1.0,male,nan,2003-09-01,300.0,35.0,5.0,69.0,02:00:00,beer in the sun,2 beers in the sun,8127.0,8.0,0.49999999999999994,0.8660254037844387,0.5235987755982988
2025-04-01 12:18:00,Computer Science,1.0,1.0,0.0,1.0,male,nan,2000-09-10,390.0,101.0,3.0,7.0,05:00:00,A day outside,Jamming with the homies,8949.0,5.0,0.9659258262890683,0.25881904510252074,1.3089969389957472
2025-04-01 12:18:00,Computer Science,1.0,1.0,0.0,1.0,male,0.0,NaT,150.0,0.0,8.0,75.0,05:00:00,Fun,Fun 2,9550.0,5.0,0.9659258262890683,0.25881904510252074,1.3089969389957472
2025-04-01 12:19:00,Econometrics,1.0,1.0,0.0,0.0,male,nan,2001-12-11,150.0,10.0,10.0,25.0,01:00:00,Nice weather,Nice friends,8550.0,9.0,0.25881904510252074,0.9659258262890683,0.2617993877991494
2025-04-01 12:19:00,Econometrics,1.0,1.0,0.0,1.0,male,nan,2003-01-07,220.0,40.0,9.0,18.0,02:00:00,Sun,Sun,7954.0,8.0,0.49999999999999994,0.8660254037844387,0.5235987755982988
2025-04-01 12:19:00,Econometrics,1.0,0.0,0.0,0.0,male,1.0,NaT,425.0,20.0,3.0,17.0,NaT,Sleep,Meditation,8623.0,9.5,0.7518398074789773,0.659345815100069,0.8508480103472356
2025-04-01 12:19:00,Computer Science,1.0,0.0,0.0,0.0,male,1.0,NaT,234.0,75.0,4.0,9.0,04:30:00,A fieldtrip with friends,A sunny picnic,8623.0,5.5,0.9238795325112867,0.38268343236508984,1.1780972450961724
2025-04-01 12:18:00,computational science,0.0,0.0,0.0,0.0,male,1.0,NaT,280.0,40.0,6.0,25.0,22:00:00,Nice weather,Nice girls,8623.0,12.0,-0.5000000000000004,0.8660254037844384,-0.5235987755982994
2025-04-01 12:19:00,Finance,1.0,0.0,0.0,0.0,male,1.0,NaT,550.0,65.0,2.0,7.0,12:00:00,Good Breakfast,Completing targetted task,8623.0,22.0,-0.13052619222005188,0.9914448613738104,-0.130899693899575
2025-04-01 12:19:00,AI,0.0,0.0,nan,1.0,male,1.0,2003-02-03,210.0,50.0,2.0,74.0,01:00:00,Boardgames with friends,Dinner with family,8075.0,9.0,0.25881904510252074,0.9659258262890683,0.2617993877991494
2025-04-01 12:19:00,AI,1.0,1.0,nan,1.0,male,1.0,NaT,384.0,40.0,14.0,9.0,01:02:00,productivity,music,8909.0,8.966666666666667,0.26723837607825685,0.963630453208623,0.27052603405912107
2025-04-01 12:18:00,AI,1.0,0.0,nan,1.0,male,1.0,NaT,123.0,90.0,4.0,25.0,03:54:00,grounded,"social, speding quality time with friends",8623.0,6.1,0.8526401643540922,0.5224985647159489,1.0210176124166828
2025-04-01 12:18:00,Computer Science,1.0,0.0,nan,1.0,male,nan,NaT,118.0,24.0,6.0,31.0,12:30:00,Low stress,Progress,8623.0,21.5,0.5501164165954933,0.8350879763187431,0.5825036378531074
2025-04-01 12:19:00,Bioinformatics,1.0,0.0,nan,0.0,male,nan,2001-10-01,350.0,47.0,5.0,57.0,00:33:00,Sun,Friends,8856.0,9.45,0.14349262199117932,0.9896513868196702,0.1439896632895322
2025-04-01 12:18:00,Bioinformatics,1.0,0.0,nan,0.0,male,1.0,NaT,300.0,99.0,7.0,77.0,01:30:00,no class,nice weather,8623.0,8.5,0.38268343236508984,0.9238795325112867,0.3926990816987242
2025-04-01 12:18:00,Bioinformatics,1.0,nan,nan,nan,male,1.0,2000-01-01,500.0,69.0,10.0,69.0,NaT,Sun,Friends,9231.0,9.5,0.021814885034561207,0.9997620270799091,0.021816615649929205
2025-04-01 12:18:00,Business,1.0,0.0,nan,1.0,male,1.0,NaT,287.0,23.0,5.0,25.0,22:40:00,Sports,Friends,7538.0,11.333333333333334,-0.3420201433256686,0.9396926207859084,-0.3490658503988658
2025-04-01 12:17:00,Computer Science,1.0,1.0,nan,1.0,male,1.0,1999-01-01,400.0,20.0,4.5,25.0,00:00:00,Pizza,Beers,9596.0,10.0,0.0,1.0,0.0
2025-04-01 12:20:00,Computer Science,0.0,0.0,nan,1.0,male,nan,NaT,520.0,50.0,10.0,123.0,01:00:00,sun,wind,9181.0,9.0,0.25881904510252074,0.9659258262890683,0.2617993877991494
2025-04-01 12:18:00,Computer Science,1.0,1.0,nan,0.0,male,1.0,NaT,200.0,20.0,15.0,6.0,01:30:00,delicious food,alcohol dose,8299.0,8.5,0.38268343236508984,0.9238795325112867,0.3926990816987242
2025-04-01 12:18:00,Computer Science,1.0,1.0,nan,1.0,male,1.0,NaT,350.0,75.0,3.0,81.0,03:00:00,Chilling with buddies,GAMING,9566.0,7.0,0.7071067811865476,0.7071067811865475,0.7853981633974484
2025-04-01 12:18:00,Computer Science,0.0,1.0,nan,0.0,male,1.0,NaT,380.0,40.0,10.0,25.0,14:00:00,weed,alcohol,8322.0,20.0,0.7071067811865476,0.7071067811865475,0.7853981633974484
2025-04-01 12:18:00,Computer Science,0.0,nan,nan,nan,male,nan,NaT,500.0,80.0,6.0,5.0,NaT,eating,play ,8623.0,9.5,0.7071067811865476,0.7071067811865475,0.7853981633974484
2025-04-01 12:19:00,Computer Science,1.0,1.0,nan,1.0,male,nan,NaT,300.0,-1.0,12.0,4.0,NaT,Good food,Good weather,9202.0,9.5,0.7071067811865476,0.7071067811865475,0.7853981633974484
2025-04-01 12:18:00,Computer Science,1.0,0.0,nan,1.0,male,0.0,NaT,483.0,40.0,3.0,64.0,03:00:00,Sleep,Food,8623.0,7.0,0.7071067811865476,0.7071067811865475,0.7853981633974484
2025-04-01 12:18:00,AI,1.0,nan,1.0,0.0,other,1.0,1934-07-08,350.0,40.0,10.0,7.0,23:00:00,Good talks,Productivity,8623.0,11.0,-0.2588190451025207,0.9659258262890683,-0.26179938779914935
2025-04-01 12:19:00,Business,1.0,1.0,1.0,1.0,other,1.0,NaT,450.0,40.0,4.6,25.0,22:00:00,Cooking,Sun,8623.0,12.0,-0.5000000000000004,0.8660254037844384,-0.5235987755982994
2025-04-01 12:18:00,Econometrics,1.0,0.0,1.0,1.0,other,0.0,NaT,460.0,30.0,5.0,25.0,NaT,no lectures,sleeping,8623.0,9.5,0.38268343236508956,0.9238795325112868,0.3926990816987239
2025-04-01 12:17:00,AI,1.0,1.0,0.0,1.0,other,1.0,NaT,350.0,100.0,10.0,37.0,05:00:00,Alcohol,More alcohol,8623.0,5.0,0.9659258262890683,0.25881904510252074,1.3089969389957472
2025-04-01 12:18:00,AI,1.0,1.0,0.0,1.0,other,1.0,NaT,375.0,6.0,10.0,61.0,23:00:00,Az winning,Went to the gym,8623.0,11.0,-0.2588190451025207,0.9659258262890683,-0.26179938779914935
2025-04-01 12:18:00,AI,0.0,0.0,0.0,1.0,other,1.0,1900-01-01,500.0,100.0,2.0,89.0,NaT,Sun,Sun,8623.0,9.5,-0.13052619222005155,0.9914448613738104,-0.13089969389957468
2025-04-01 12:18:00,Computer Science,1.0,1.0,0.0,1.0,other,nan,1997-01-01,300.0,72.0,2.0,73.0,00:00:00,Beer ,Wine ,10326.0,10.0,0.0,1.0,0.0
2025-04-01 12:18:00,Computer Science,1.0,0.0,nan,1.0,other,1.0,NaT,300.0,13.0,6.0,25.0,NaT,People,Food,8623.0,9.5,0.17364817766693033,0.984807753012208,0.17453292519943295
2025-04-01 12:18:00,AI,1.0,1.0,1.0,1.0,other,nan,2001-08-10,250.0,30.0,4.0,6.0,NaT,happiness ,sun,8585.0,9.5,0.3420201433256687,0.9396926207859084,0.3490658503988659
2025-04-01 12:17:00,Computer Science,0.0,0.0,1.0,1.0,other,nan,NaT,200.0,70.0,1.0,25.0,02:00:00,Work done good,Then smoke weed,8623.0,8.0,0.49999999999999994,0.8660254037844387,0.5235987755982988
2025-04-01 12:18:00,Computer Science,1.0,1.0,1.0,1.0,other,1.0,NaT,330.0,40.0,0.0,37.0,05:00:00,Got nothing to do,Interesting activities,8623.0,5.0,0.9659258262890683,0.25881904510252074,1.3089969389957472
2025-04-01 12:17:00,Econometrics,0.0,nan,1.0,0.0,other,nan,NaT,467.0,99.7,8.0,0.0,05:00:00,Chocolate,Bitterballen,8623.0,5.0,0.9659258262890683,0.25881904510252074,1.3089969389957472
2025-04-01 12:19:00,Other,1.0,0.0,1.0,0.0,other,0.0,NaT,350.0,100.0,5.0,25.0,NaT,Brazzers,BangBros,8623.0,9.5,0.7933533402912352,0.6087614290087207,0.9162978572970231
2025-04-01 12:18:00,AI,1.0,1.0,0.0,1.0,other,nan,NaT,500.0,100.0,3.0,420.0,02:00:00,Studying,Learning,8623.0,8.0,0.49999999999999994,0.8660254037844387,0.5235987755982988
2025-04-01 12:18:00,AI,1.0,0.0,0.0,0.0,other,1.0,NaT,450.0,60.0,3.0,358.0,04:00:00,Happy,Friends,8623.0,6.0,0.8660254037844386,0.5000000000000001,1.0471975511965976
2025-04-01 12:18:00,Computer Science,0.0,0.0,0.0,0.0,other,1.0,NaT,300.0,30.0,4.0,73.0,NaT,Sun,Sub,8623.0,9.5,0.8660254037844386,0.5000000000000001,1.0471975511965976
2025-04-01 12:18:00,AI,1.0,1.0,nan,1.0,other,nan,NaT,420.0,100.0,8.0,40.0,11:35:00,-1,-2,8479.0,22.416666666666668,0.8660254037844386,0.5000000000000001,1.0471975511965976
